study,instrument,question,url,url_de,label,label_de
soep-core,soep-core-2024-pe2,Intro,,https://git.soep.de/soep-public/images/-/raw/main/questionnaires/soep-core-2024-pe2/77109OZ_1718363346530_scr_introPersonen_pe2.png,,Screenshot
soep-core,soep-core-2024-pe2,CAPI_CATI_Zwischen_1,,https://git.soep.de/soep-public/images/-/raw/main/questionnaires/soep-core-2024-pe2/77109OZ_1718363348026_scr_pe2_intro_CAPI.png,,Screenshot
soep-core,soep-core-2024-pe2,CAPI_CATI_Switch_2,,https://git.soep.de/soep-public/images/-/raw/main/questionnaires/soep-core-2024-pe2/77109OZ_1718363349516_pe2_intro_CAPI_B.png,,Screenshot
soep-core,soep-core-2024-pe2,CAPI_CATI_Switch_3,,https://git.soep.de/soep-public/images/-/raw/main/questionnaires/soep-core-2024-pe2/77109OZ_1718363350994_pe2_intro_CAPI_C.png,,Screenshot
soep-core,soep-core-2024-pe2,CAPI_CATI_Switch_4,,https://git.soep.de/soep-public/images/-/raw/main/questionnaires/soep-core-2024-pe2/77109OZ_1718363352483_pe2_intro_CAPI_D.png,,Screenshot
soep-core,soep-core-2024-pe2,A_2,,https://git.soep.de/soep-public/images/-/raw/main/questionnaires/soep-core-2024-pe2/77109OZ_1718363353973_pla0047_v2_pe2.png,,Screenshot
soep-core,soep-core-2024-pe2,B1,,https://git.soep.de/soep-public/images/-/raw/main/questionnaires/soep-core-2024-pe2/77109OZ_1718363355463_B1_pe2.png,,Screenshot
soep-core,soep-core-2024-pe2,1,,https://git.soep.de/soep-public/images/-/raw/main/questionnaires/soep-core-2024-pe2/77109OZ_1718363356949_plh0171_pe2.png,,Screenshot
soep-core,soep-core-2024-pe2,2,,https://git.soep.de/soep-public/images/-/raw/main/questionnaires/soep-core-2024-pe2/77109OZ_1718363373346_plh0184_pe2.png,,Screenshot
soep-core,soep-core-2024-pe2,3,,https://git.soep.de/soep-public/images/-/raw/main/questionnaires/soep-core-2024-pe2/77109OZ_1718363379278_plh0334_pe2.png,,Screenshot
soep-core,soep-core-2024-pe2,4,,https://git.soep.de/soep-public/images/-/raw/main/questionnaires/soep-core-2024-pe2/77109OZ_1718363380774_plh0204_v2_pe2.png,,Screenshot
soep-core,soep-core-2024-pe2,5,,https://git.soep.de/soep-public/images/-/raw/main/questionnaires/soep-core-2024-pe2/77109OZ_1718363382265_plg0012_v2_pe2.png,,Screenshot
soep-core,soep-core-2024-pe2,6,,https://git.soep.de/soep-public/images/-/raw/main/questionnaires/soep-core-2024-pe2/77109OZ_1718363383754_plg0267_v2_pe2.png,,Screenshot
soep-core,soep-core-2024-pe2,7,,https://git.soep.de/soep-public/images/-/raw/main/questionnaires/soep-core-2024-pe2/77109OZ_1718363385233_plg0013_v4_pe2.png,,Screenshot
soep-core,soep-core-2024-pe2,8,,https://git.soep.de/soep-public/images/-/raw/main/questionnaires/soep-core-2024-pe2/77109OZ_1718363386735_scr_plg0014_v7_pe2.png,,Screenshot
soep-core,soep-core-2024-pe2,10,,https://git.soep.de/soep-public/images/-/raw/main/questionnaires/soep-core-2024-pe2/77109OZ_1718363388222_plg0293_v9_pe2.png,,Screenshot
soep-core,soep-core-2024-pe2,11,,https://git.soep.de/soep-public/images/-/raw/main/questionnaires/soep-core-2024-pe2/77109OZ_1718363389709_plg0292_v10_pe2.png,,Screenshot
soep-core,soep-core-2024-pe2,12,,https://git.soep.de/soep-public/images/-/raw/main/questionnaires/soep-core-2024-pe2/77109OZ_1718363391202_plg0072_pe2.png,,Screenshot
soep-core,soep-core-2024-pe2,13,,https://git.soep.de/soep-public/images/-/raw/main/questionnaires/soep-core-2024-pe2/77109OZ_1718363392692_scr_plg0073_pe2.png,,Screenshot
soep-core,soep-core-2024-pe2,14,,https://git.soep.de/soep-public/images/-/raw/main/questionnaires/soep-core-2024-pe2/77109OZ_1718363394178_plg0076_pe2.png,,Screenshot
soep-core,soep-core-2024-pe2,15,,https://git.soep.de/soep-public/images/-/raw/main/questionnaires/soep-core-2024-pe2/77109OZ_1718363395665_plg0077_pe2.png,,Screenshot
soep-core,soep-core-2024-pe2,16,,https://git.soep.de/soep-public/images/-/raw/main/questionnaires/soep-core-2024-pe2/77109OZ_1718363397156_plg0284_pe2.png,,Screenshot
soep-core,soep-core-2024-pe2,17,,https://git.soep.de/soep-public/images/-/raw/main/questionnaires/soep-core-2024-pe2/77109OZ_1718363398643_plg0268_pe2.png,,Screenshot
soep-core,soep-core-2024-pe2,18,,https://git.soep.de/soep-public/images/-/raw/main/questionnaires/soep-core-2024-pe2/77109OZ_1718363400134_plg0078_v1_pe2.png,,Screenshot
soep-core,soep-core-2024-pe2,19,,https://git.soep.de/soep-public/images/-/raw/main/questionnaires/soep-core-2024-pe2/77109OZ_1718363401624_scr_plg0079_v4_pe2.png,,Screenshot
soep-core,soep-core-2024-pe2,20,,https://git.soep.de/soep-public/images/-/raw/main/questionnaires/soep-core-2024-pe2/77109OZ_1718363403120_scr_plg0082_v2_pe2.png,,Screenshot
soep-core,soep-core-2024-pe2,21,,https://git.soep.de/soep-public/images/-/raw/main/questionnaires/soep-core-2024-pe2/77109OZ_1718363404608_plb0018_pe2.png,,Screenshot
soep-core,soep-core-2024-pe2,22,,https://git.soep.de/soep-public/images/-/raw/main/questionnaires/soep-core-2024-pe2/77109OZ_1718363406105_plb0019_pe2.png,,Screenshot
soep-core,soep-core-2024-pe2,23,,https://git.soep.de/soep-public/images/-/raw/main/questionnaires/soep-core-2024-pe2/77109OZ_1718363407609_plb0020_v1_pe2.png,,Screenshot
soep-core,soep-core-2024-pe2,24,,https://git.soep.de/soep-public/images/-/raw/main/questionnaires/soep-core-2024-pe2/77109OZ_1718363409116_plb0021_pe2.png,,Screenshot
soep-core,soep-core-2024-pe2,25,,https://git.soep.de/soep-public/images/-/raw/main/questionnaires/soep-core-2024-pe2/77109OZ_1718363410607_plb0282_v1_pe2.png,,Screenshot
soep-core,soep-core-2024-pe2,26,,https://git.soep.de/soep-public/images/-/raw/main/questionnaires/soep-core-2024-pe2/77109OZ_1718363412101_scr_plb0298_pe2.png,,Screenshot
soep-core,soep-core-2024-pe2,27,,https://git.soep.de/soep-public/images/-/raw/main/questionnaires/soep-core-2024-pe2/77109OZ_1718363413593_scr_plb0301_pe2.png,,Screenshot
soep-core,soep-core-2024-pe2,28,,https://git.soep.de/soep-public/images/-/raw/main/questionnaires/soep-core-2024-pe2/77109OZ_1718363415085_plb0304_v14_pe2.png,,Screenshot
soep-core,soep-core-2024-pe2,29,,https://git.soep.de/soep-public/images/-/raw/main/questionnaires/soep-core-2024-pe2/77109OZ_1718363416574_plc0040_pe2.png,,Screenshot
soep-core,soep-core-2024-pe2,30,,https://git.soep.de/soep-public/images/-/raw/main/questionnaires/soep-core-2024-pe2/77109OZ_1718363418066_plb0305_v2_pe2.png,,Screenshot
soep-core,soep-core-2024-pe2,31,,https://git.soep.de/soep-public/images/-/raw/main/questionnaires/soep-core-2024-pe2/77109OZ_1718363419554_plb0022_v12_pe2.png,,Screenshot
soep-core,soep-core-2024-pe2,31a,,https://git.soep.de/soep-public/images/-/raw/main/questionnaires/soep-core-2024-pe2/77109OZ_1718363421042_plb0022_v12_pe2_CONa.png,,Screenshot
soep-core,soep-core-2024-pe2,31e,,https://git.soep.de/soep-public/images/-/raw/main/questionnaires/soep-core-2024-pe2/77109OZ_1718363422531_plb0022_v12_pe2_CONe.png,,Screenshot
soep-core,soep-core-2024-pe2,31g,,https://git.soep.de/soep-public/images/-/raw/main/questionnaires/soep-core-2024-pe2/77109OZ_1718363424024_plb0022_v12_pe2_CONg.png,,Screenshot
soep-core,soep-core-2024-pe2,31h,,https://git.soep.de/soep-public/images/-/raw/main/questionnaires/soep-core-2024-pe2/77109OZ_1718363425510_plb0022_v12_pe2_CONh.png,,Screenshot
soep-core,soep-core-2024-pe2,32,,https://git.soep.de/soep-public/images/-/raw/main/questionnaires/soep-core-2024-pe2/77109OZ_1718363427001_plb0417_v2_pe2.png,,Screenshot
soep-core,soep-core-2024-pe2,33,,https://git.soep.de/soep-public/images/-/raw/main/questionnaires/soep-core-2024-pe2/77109OZ_1718363428496_plb0418_pe2.png,,Screenshot
soep-core,soep-core-2024-pe2,34,,https://git.soep.de/soep-public/images/-/raw/main/questionnaires/soep-core-2024-pe2/77109OZ_1718363429980_plb0240_pe2.png,,Screenshot
soep-core,soep-core-2024-pe2,35,,https://git.soep.de/soep-public/images/-/raw/main/questionnaires/soep-core-2024-pe2/77109OZ_1718363431471_scr_plb0420_v2_pe2.png,,Screenshot
soep-core,soep-core-2024-pe2,36,,https://git.soep.de/soep-public/images/-/raw/main/questionnaires/soep-core-2024-pe2/77109OZ_1718363432966_scr_plb0422_pe2.png,,Screenshot
soep-core,soep-core-2024-pe2,37,,https://git.soep.de/soep-public/images/-/raw/main/questionnaires/soep-core-2024-pe2/77109OZ_1718363434454_plb0423_pe2.png,,Screenshot
soep-core,soep-core-2024-pe2,38,,https://git.soep.de/soep-public/images/-/raw/main/questionnaires/soep-core-2024-pe2/77109OZ_1718363435926_plb0424_v2_pe2.png,,Screenshot
soep-core,soep-core-2024-pe2,39,,https://git.soep.de/soep-public/images/-/raw/main/questionnaires/soep-core-2024-pe2/77109OZ_1718363437415_plb0721i01_pe2.png,,Screenshot
soep-core,soep-core-2024-pe2,40,,https://git.soep.de/soep-public/images/-/raw/main/questionnaires/soep-core-2024-pe2/77109OZ_1718363438904_plb0722_pe2.png,,Screenshot
soep-core,soep-core-2024-pe2,41,,https://git.soep.de/soep-public/images/-/raw/main/questionnaires/soep-core-2024-pe2/77109OZ_1718363440397_plb0031_v2_pe2.png,,Screenshot
soep-core,soep-core-2024-pe2,42,,https://git.soep.de/soep-public/images/-/raw/main/questionnaires/soep-core-2024-pe2/77109OZ_1718363441884_plb0478_pe2.png,,Screenshot
soep-core,soep-core-2024-pe2,43,,https://git.soep.de/soep-public/images/-/raw/main/questionnaires/soep-core-2024-pe2/77109OZ_1718363443380_scr_plb0032_pe2.png,,Screenshot
soep-core,soep-core-2024-pe2,44,,https://git.soep.de/soep-public/images/-/raw/main/questionnaires/soep-core-2024-pe2/77109OZ_1718363444866_plb0284_v2_pe2.png,,Screenshot
soep-core,soep-core-2024-pe2,45,,https://git.soep.de/soep-public/images/-/raw/main/questionnaires/soep-core-2024-pe2/77109OZ_1718363446347_plb0295_pe2.png,,Screenshot
soep-core,soep-core-2024-pe2,46,,https://git.soep.de/soep-public/images/-/raw/main/questionnaires/soep-core-2024-pe2/77109OZ_1718363447835_scr_plb0480_pe2.png,,Screenshot
soep-core,soep-core-2024-pe2,47,,https://git.soep.de/soep-public/images/-/raw/main/questionnaires/soep-core-2024-pe2/77109OZ_1718363449322_plb0362_pe2.png,,Screenshot
soep-core,soep-core-2024-pe2,48,,https://git.soep.de/soep-public/images/-/raw/main/questionnaires/soep-core-2024-pe2/77109OZ_1718363450807_plb0358_v14_pe2.png,,Screenshot
soep-core,soep-core-2024-pe2,49,,https://git.soep.de/soep-public/images/-/raw/main/questionnaires/soep-core-2024-pe2/77109OZ_1718363452287_scr_pber_pe2.png,,Screenshot
soep-core,soep-core-2024-pe2,50,,https://git.soep.de/soep-public/images/-/raw/main/questionnaires/soep-core-2024-pe2/77109OZ_1718363453775_plb0072_pe2.png,,Screenshot
soep-core,soep-core-2024-pe2,51,,https://git.soep.de/soep-public/images/-/raw/main/questionnaires/soep-core-2024-pe2/77109OZ_1718363455266_plb0073_v5_pe2.png,,Screenshot
soep-core,soep-core-2024-pe2,52,,https://git.soep.de/soep-public/images/-/raw/main/questionnaires/soep-core-2024-pe2/77109OZ_1718363456768_scr_pbra_pe2.png,,Screenshot
soep-core,soep-core-2024-pe2,53,,https://git.soep.de/soep-public/images/-/raw/main/questionnaires/soep-core-2024-pe2/77109OZ_1718363458429_scr_plb0035_pe2.png,,Screenshot
soep-core,soep-core-2024-pe2,53c,,https://git.soep.de/soep-public/images/-/raw/main/questionnaires/soep-core-2024-pe2/77109OZ_1718363459920_plb0035_pe2_CONc.png,,Screenshot
soep-core,soep-core-2024-pe2,54,,https://git.soep.de/soep-public/images/-/raw/main/questionnaires/soep-core-2024-pe2/77109OZ_1718363461408_plb0568_v1_pe2.png,,Screenshot
soep-core,soep-core-2024-pe2,54a,,https://git.soep.de/soep-public/images/-/raw/main/questionnaires/soep-core-2024-pe2/77109OZ_1718363462896_pstell_pe2_CONa.png,,Screenshot
soep-core,soep-core-2024-pe2,55,,https://git.soep.de/soep-public/images/-/raw/main/questionnaires/soep-core-2024-pe2/77109OZ_1718363464391_plb0057_v9_pe2.png,,Screenshot
soep-core,soep-core-2024-pe2,56,,https://git.soep.de/soep-public/images/-/raw/main/questionnaires/soep-core-2024-pe2/77109OZ_1718363465895_plb0058_pe2.png,,Screenshot
soep-core,soep-core-2024-pe2,57,,https://git.soep.de/soep-public/images/-/raw/main/questionnaires/soep-core-2024-pe2/77109OZ_1718363467389_plb0065_pe2.png,,Screenshot
soep-core,soep-core-2024-pe2,58,,https://git.soep.de/soep-public/images/-/raw/main/questionnaires/soep-core-2024-pe2/77109OZ_1718363468879_plb0063_v3_pe2.png,,Screenshot
soep-core,soep-core-2024-pe2,59,,https://git.soep.de/soep-public/images/-/raw/main/questionnaires/soep-core-2024-pe2/77109OZ_1718363470370_plb0064_v5_pe2.png,,Screenshot
soep-core,soep-core-2024-pe2,60,,https://git.soep.de/soep-public/images/-/raw/main/questionnaires/soep-core-2024-pe2/77109OZ_1718363471860_scr_plb0057_v10_pe2.png,,Screenshot
soep-core,soep-core-2024-pe2,61,,https://git.soep.de/soep-public/images/-/raw/main/questionnaires/soep-core-2024-pe2/77109OZ_1718363473361_scr_plb0725_pe2.png,,Screenshot
soep-core,soep-core-2024-pe2,62,,https://git.soep.de/soep-public/images/-/raw/main/questionnaires/soep-core-2024-pe2/77109OZ_1718363474852_scr_plb0726_pe2.png,,Screenshot
soep-core,soep-core-2024-pe2,63,,https://git.soep.de/soep-public/images/-/raw/main/questionnaires/soep-core-2024-pe2/77109OZ_1718363476342_scr_plb0748i01_pe2.png,,Screenshot
soep-core,soep-core-2024-pe2,64,,https://git.soep.de/soep-public/images/-/raw/main/questionnaires/soep-core-2024-pe2/77109OZ_1718363477831_plb0040_v2_pe2.png,,Screenshot
soep-core,soep-core-2024-pe2,65,,https://git.soep.de/soep-public/images/-/raw/main/questionnaires/soep-core-2024-pe2/77109OZ_1718363479325_plb0041_v2_pe2.png,,Screenshot
soep-core,soep-core-2024-pe2,66,,https://git.soep.de/soep-public/images/-/raw/main/questionnaires/soep-core-2024-pe2/77109OZ_1718363480810_plb0037_v3_pe2.png,,Screenshot
soep-core,soep-core-2024-pe2,67,,https://git.soep.de/soep-public/images/-/raw/main/questionnaires/soep-core-2024-pe2/77109OZ_1718363482301_plb0587_pe2.png,,Screenshot
soep-core,soep-core-2024-pe2,68,,https://git.soep.de/soep-public/images/-/raw/main/questionnaires/soep-core-2024-pe2/77109OZ_1718363483810_plb0049_v6_pe2.png,,Screenshot
soep-core,soep-core-2024-pe2,69,,https://git.soep.de/soep-public/images/-/raw/main/questionnaires/soep-core-2024-pe2/77109OZ_1718363485300_plb0211_pe2.png,,Screenshot
soep-core,soep-core-2024-pe2,70,,https://git.soep.de/soep-public/images/-/raw/main/questionnaires/soep-core-2024-pe2/77109OZ_1718363486787_scr_plb0176_v5_pe2.png,,Screenshot
soep-core,soep-core-2024-pe2,70e,,https://git.soep.de/soep-public/images/-/raw/main/questionnaires/soep-core-2024-pe2/77109OZ_1718363488278_paz08a_CONe_pe2.png,,Screenshot
soep-core,soep-core-2024-pe2,71,,https://git.soep.de/soep-public/images/-/raw/main/questionnaires/soep-core-2024-pe2/77109OZ_1718363489766_scr_plb0186_v3_pe2.png,,Screenshot
soep-core,soep-core-2024-pe2,71e,,https://git.soep.de/soep-public/images/-/raw/main/questionnaires/soep-core-2024-pe2/77109OZ_1718363491261_paz10a_CONe_pe2.png,,Screenshot
soep-core,soep-core-2024-pe2,72,,https://git.soep.de/soep-public/images/-/raw/main/questionnaires/soep-core-2024-pe2/77109OZ_1718363492753_scr_plb0747i01_pe2.png,,Screenshot
soep-core,soep-core-2024-pe2,73,,https://git.soep.de/soep-public/images/-/raw/main/questionnaires/soep-core-2024-pe2/77109OZ_1718363494244_scr_plb0746i01_pe2.png,,Screenshot
soep-core,soep-core-2024-pe2,74,,https://git.soep.de/soep-public/images/-/raw/main/questionnaires/soep-core-2024-pe2/77109OZ_1718363495729_plb0187_v5_pe2.png,,Screenshot
soep-core,soep-core-2024-pe2,75,,https://git.soep.de/soep-public/images/-/raw/main/questionnaires/soep-core-2024-pe2/77109OZ_1718363497226_plb0635_pe2.png,,Screenshot
soep-core,soep-core-2024-pe2,76,,https://git.soep.de/soep-public/images/-/raw/main/questionnaires/soep-core-2024-pe2/77109OZ_1718363498716_plb0188_pe2.png,,Screenshot
soep-core,soep-core-2024-pe2,77,,https://git.soep.de/soep-public/images/-/raw/main/questionnaires/soep-core-2024-pe2/77109OZ_1718363500201_plb0640_pe2.png,,Screenshot
soep-core,soep-core-2024-pe2,78,,https://git.soep.de/soep-public/images/-/raw/main/questionnaires/soep-core-2024-pe2/77109OZ_1718363501679_plb0193_v2_pe2.png,,Screenshot
soep-core,soep-core-2024-pe2,79,,https://git.soep.de/soep-public/images/-/raw/main/questionnaires/soep-core-2024-pe2/77109OZ_1718363503171_scr_plb0194_v1_pe2.png,,Screenshot
soep-core,soep-core-2024-pe2,81,,https://git.soep.de/soep-public/images/-/raw/main/questionnaires/soep-core-2024-pe2/77109OZ_1718363504659_plb0195_v3_pe2.png,,Screenshot
soep-core,soep-core-2024-pe2,82,,https://git.soep.de/soep-public/images/-/raw/main/questionnaires/soep-core-2024-pe2/77109OZ_1718363506150_plb0196_v3_pe2.png,,Screenshot
soep-core,soep-core-2024-pe2,83,,https://git.soep.de/soep-public/images/-/raw/main/questionnaires/soep-core-2024-pe2/77109OZ_1718363507641_plb0483_pe2.png,,Screenshot
soep-core,soep-core-2024-pe2,84,,https://git.soep.de/soep-public/images/-/raw/main/questionnaires/soep-core-2024-pe2/77109OZ_1718363509127_plb0605_pe2.png,,Screenshot
soep-core,soep-core-2024-pe2,85,,https://git.soep.de/soep-public/images/-/raw/main/questionnaires/soep-core-2024-pe2/77109OZ_1718363510619_scr_plb0643_pe2.png,,Screenshot
soep-core,soep-core-2024-pe2,86,,https://git.soep.de/soep-public/images/-/raw/main/questionnaires/soep-core-2024-pe2/77109OZ_1718363512110_scr_plb0209_pe2.png,,Screenshot
soep-core,soep-core-2024-pe2,87,,https://git.soep.de/soep-public/images/-/raw/main/questionnaires/soep-core-2024-pe2/77109OZ_1718363513619_scr_plc0013_v2_pe2.png,,Screenshot
soep-core,soep-core-2024-pe2,87b,,https://git.soep.de/soep-public/images/-/raw/main/questionnaires/soep-core-2024-pe2/77109OZ_1718363515107_plc0013_v2_pe2_CONb.png,,Screenshot
soep-core,soep-core-2024-pe2,87j,,https://git.soep.de/soep-public/images/-/raw/main/questionnaires/soep-core-2024-pe2/77109OZ_1718363516597_plc0013_v2_pe2_CONj.png,,Screenshot
soep-core,soep-core-2024-pe2,87k,,https://git.soep.de/soep-public/images/-/raw/main/questionnaires/soep-core-2024-pe2/77109OZ_1718363518089_plc0013_v2_pe2_CONk.png,,Screenshot
soep-core,soep-core-2024-pe2,88,,https://git.soep.de/soep-public/images/-/raw/main/questionnaires/soep-core-2024-pe2/77109OZ_1718363519579_plc0026_pe2.png,,Screenshot
soep-core,soep-core-2024-pe2,89,,https://git.soep.de/soep-public/images/-/raw/main/questionnaires/soep-core-2024-pe2/77109OZ_1718363521064_plc0033_pe2.png,,Screenshot
soep-core,soep-core-2024-pe2,90,,https://git.soep.de/soep-public/images/-/raw/main/questionnaires/soep-core-2024-pe2/77109OZ_1718363522564_scr_plc0532_pe2.png,,Screenshot
soep-core,soep-core-2024-pe2,91,,https://git.soep.de/soep-public/images/-/raw/main/questionnaires/soep-core-2024-pe2/77109OZ_1718363524052_plc0502_v2_pe2.png,,Screenshot
soep-core,soep-core-2024-pe2,92,,https://git.soep.de/soep-public/images/-/raw/main/questionnaires/soep-core-2024-pe2/77109OZ_1718363525540_scr_pbsplz1_pe2.png,,Screenshot
soep-core,soep-core-2024-pe2,93,,https://git.soep.de/soep-public/images/-/raw/main/questionnaires/soep-core-2024-pe2/77109OZ_1718363527026_plb0618_pe2.png,,Screenshot
soep-core,soep-core-2024-pe2,94,,https://git.soep.de/soep-public/images/-/raw/main/questionnaires/soep-core-2024-pe2/77109OZ_1718363528523_scr_plb0619_pe2.png,,Screenshot
soep-core,soep-core-2024-pe2,95_1,,https://git.soep.de/soep-public/images/-/raw/main/questionnaires/soep-core-2024-pe2/77109OZ_1718363530013_scr_pneba_1_pe2.png,,Screenshot
soep-core,soep-core-2024-pe2,96_1,,https://git.soep.de/soep-public/images/-/raw/main/questionnaires/soep-core-2024-pe2/77109OZ_1718363531515_plb0623_1_pe2.png,,Screenshot
soep-core,soep-core-2024-pe2,97_1,,https://git.soep.de/soep-public/images/-/raw/main/questionnaires/soep-core-2024-pe2/77109OZ_1718363533002_plb0620_1_pe2.png,,Screenshot
soep-core,soep-core-2024-pe2,98_1,,https://git.soep.de/soep-public/images/-/raw/main/questionnaires/soep-core-2024-pe2/77109OZ_1718363534480_plb0626_1_pe2.png,,Screenshot
soep-core,soep-core-2024-pe2,99_1,,https://git.soep.de/soep-public/images/-/raw/main/questionnaires/soep-core-2024-pe2/77109OZ_1718363535967_plc0538_1_pe2.png,,Screenshot
soep-core,soep-core-2024-pe2,100_1,,https://git.soep.de/soep-public/images/-/raw/main/questionnaires/soep-core-2024-pe2/77109OZ_1718363537459_scr_plb0629_1_pe2.png,,Screenshot
soep-core,soep-core-2024-pe2,101_1,,https://git.soep.de/soep-public/images/-/raw/main/questionnaires/soep-core-2024-pe2/77109OZ_1718363538946_scr_plb0632_1_pe2.png,,Screenshot
soep-core,soep-core-2024-pe2,102_1,,https://git.soep.de/soep-public/images/-/raw/main/questionnaires/soep-core-2024-pe2/77109OZ_1718363540441_scr_plc0541_1_pe2.png,,Screenshot
soep-core,soep-core-2024-pe2,103,,https://git.soep.de/soep-public/images/-/raw/main/questionnaires/soep-core-2024-pe2/77109OZ_1718363565806_plc0232_v1_pe2.png,,Screenshot
soep-core,soep-core-2024-pe2,103c,,https://git.soep.de/soep-public/images/-/raw/main/questionnaires/soep-core-2024-pe2/77109OZ_1718363568872_plc0232_v1_pe2_CONc.png,,Screenshot
soep-core,soep-core-2024-pe2,104,,https://git.soep.de/soep-public/images/-/raw/main/questionnaires/soep-core-2024-pe2/77109OZ_1718363570379_plc0015_v1_pe2.png,,Screenshot
soep-core,soep-core-2024-pe2,104a,,https://git.soep.de/soep-public/images/-/raw/main/questionnaires/soep-core-2024-pe2/77109OZ_1718363573423_plc0015_v1_pe2_CONab.png,,Screenshot
soep-core,soep-core-2024-pe2,104c,,https://git.soep.de/soep-public/images/-/raw/main/questionnaires/soep-core-2024-pe2/77109OZ_1718363574929_plc0015_v1_pe2_CONc.png,,Screenshot
soep-core,soep-core-2024-pe2,105,,https://git.soep.de/soep-public/images/-/raw/main/questionnaires/soep-core-2024-pe2/77109OZ_1718363576418_plc0042_pe2.png,,Screenshot
soep-core,soep-core-2024-pe2,106,,https://git.soep.de/soep-public/images/-/raw/main/questionnaires/soep-core-2024-pe2/77109OZ_1718363579432_plc0055_pe2.png,,Screenshot
soep-core,soep-core-2024-pe2,107,,https://git.soep.de/soep-public/images/-/raw/main/questionnaires/soep-core-2024-pe2/77109OZ_1718363580918_plc0057_v2_pe2.png,,Screenshot
soep-core,soep-core-2024-pe2,108,,https://git.soep.de/soep-public/images/-/raw/main/questionnaires/soep-core-2024-pe2/77109OZ_1718363582408_scr_plc0058_v2_pe2.png,,Screenshot
soep-core,soep-core-2024-pe2,109,,https://git.soep.de/soep-public/images/-/raw/main/questionnaires/soep-core-2024-pe2/77109OZ_1718363583901_plb0024_v4_pe2.png,,Screenshot
soep-core,soep-core-2024-pe2,110,,https://git.soep.de/soep-public/images/-/raw/main/questionnaires/soep-core-2024-pe2/77109OZ_1718363585409_scr_ple0046_pe2.png,,Screenshot
soep-core,soep-core-2024-pe2,111,,https://git.soep.de/soep-public/images/-/raw/main/questionnaires/soep-core-2024-pe2/77109OZ_1718363586914_ple0048_pe2.png,,Screenshot
soep-core,soep-core-2024-pe2,112,,https://git.soep.de/soep-public/images/-/raw/main/questionnaires/soep-core-2024-pe2/77109OZ_1718363588401_plc0313_v2_pe2.png,,Screenshot
soep-core,soep-core-2024-pe2,113,,https://git.soep.de/soep-public/images/-/raw/main/questionnaires/soep-core-2024-pe2/77109OZ_1718363589906_scr_plc0220_v3_pe2.png,,Screenshot
soep-core,soep-core-2024-pe2,113a,,https://git.soep.de/soep-public/images/-/raw/main/questionnaires/soep-core-2024-pe2/77109OZ_1718363591398_plc0220_v3_pe2_CONab.png,,Screenshot
soep-core,soep-core-2024-pe2,113_1,,https://git.soep.de/soep-public/images/-/raw/main/questionnaires/soep-core-2024-pe2/77109OZ_1718363594394_scr_plc0268_v3_pe2.png,,Screenshot
soep-core,soep-core-2024-pe2,113c,,https://git.soep.de/soep-public/images/-/raw/main/questionnaires/soep-core-2024-pe2/77109OZ_1718363595887_plc0268_v3_pe2_CONcd.png,,Screenshot
soep-core,soep-core-2024-pe2,114,,https://git.soep.de/soep-public/images/-/raw/main/questionnaires/soep-core-2024-pe2/77109OZ_1718363598870_kal1a01_v2_pe2.png,,Screenshot
soep-core,soep-core-2024-pe2,114_1,,https://git.soep.de/soep-public/images/-/raw/main/questionnaires/soep-core-2024-pe2/77109OZ_1718363600373_kal1a01_v2_pe2_a_1.png,,Screenshot
soep-core,soep-core-2024-pe2,114_2,,https://git.soep.de/soep-public/images/-/raw/main/questionnaires/soep-core-2024-pe2/77109OZ_1718363601868_kal1a01_v2_pe2_a_2.png,,Screenshot
soep-core,soep-core-2024-pe2,114_4,,https://git.soep.de/soep-public/images/-/raw/main/questionnaires/soep-core-2024-pe2/77109OZ_1718363604851_kal1a01_v2_pe2_a_4.png,,Screenshot
soep-core,soep-core-2024-pe2,114_5,,https://git.soep.de/soep-public/images/-/raw/main/questionnaires/soep-core-2024-pe2/77109OZ_1718363606339_kal1a01_v2_pe2_a_5.png,,Screenshot
soep-core,soep-core-2024-pe2,114_6,,https://git.soep.de/soep-public/images/-/raw/main/questionnaires/soep-core-2024-pe2/77109OZ_1718363607830_kal1a01_v2_pe2_a_6.png,,Screenshot
soep-core,soep-core-2024-pe2,114_7,,https://git.soep.de/soep-public/images/-/raw/main/questionnaires/soep-core-2024-pe2/77109OZ_1718363609315_kal1a01_v2_pe2_a_7.png,,Screenshot
soep-core,soep-core-2024-pe2,114_8,,https://git.soep.de/soep-public/images/-/raw/main/questionnaires/soep-core-2024-pe2/77109OZ_1718363610807_kal1a01_v2_pe2_a_8.png,,Screenshot
soep-core,soep-core-2024-pe2,114_9,,https://git.soep.de/soep-public/images/-/raw/main/questionnaires/soep-core-2024-pe2/77109OZ_1718363612293_kal1a01_v2_pe2_a_9.png,,Screenshot
soep-core,soep-core-2024-pe2,114_10,,https://git.soep.de/soep-public/images/-/raw/main/questionnaires/soep-core-2024-pe2/77109OZ_1718363613787_kal1a01_v2_pe2_a_10.png,,Screenshot
soep-core,soep-core-2024-pe2,114_11,,https://git.soep.de/soep-public/images/-/raw/main/questionnaires/soep-core-2024-pe2/77109OZ_1718363615274_kal1a01_v2_pe2_a_11.png,,Screenshot
soep-core,soep-core-2024-pe2,114_12,,https://git.soep.de/soep-public/images/-/raw/main/questionnaires/soep-core-2024-pe2/77109OZ_1718363616764_kal1a01_v2_pe2_a_12.png,,Screenshot
soep-core,soep-core-2024-pe2,114_13,,https://git.soep.de/soep-public/images/-/raw/main/questionnaires/soep-core-2024-pe2/77109OZ_1718363618251_kal1a01_v2_pe2_a_13.png,,Screenshot
soep-core,soep-core-2024-pe2,114a_1,,https://git.soep.de/soep-public/images/-/raw/main/questionnaires/soep-core-2024-pe2/77109OZ_1718363619747_kal1a01_v2a_pe2_01.png,,Screenshot
soep-core,soep-core-2024-pe2,114a_2,,https://git.soep.de/soep-public/images/-/raw/main/questionnaires/soep-core-2024-pe2/77109OZ_1718363621236_kal1a01_v2a_pe2_02.png,,Screenshot
soep-core,soep-core-2024-pe2,114a_3,,https://git.soep.de/soep-public/images/-/raw/main/questionnaires/soep-core-2024-pe2/77109OZ_1718363622727_kal1a01_v2a_pe2_03.png,,Screenshot
soep-core,soep-core-2024-pe2,114a_4,,https://git.soep.de/soep-public/images/-/raw/main/questionnaires/soep-core-2024-pe2/77109OZ_1718363624215_kal1a01_v2a_pe2_04.png,,Screenshot
soep-core,soep-core-2024-pe2,114a_5,,https://git.soep.de/soep-public/images/-/raw/main/questionnaires/soep-core-2024-pe2/77109OZ_1718363625707_kal1a01_v2a_pe2_05.png,,Screenshot
soep-core,soep-core-2024-pe2,114a_6,,https://git.soep.de/soep-public/images/-/raw/main/questionnaires/soep-core-2024-pe2/77109OZ_1718363627199_kal1a01_v2a_pe2_06.png,,Screenshot
soep-core,soep-core-2024-pe2,114a_7,,https://git.soep.de/soep-public/images/-/raw/main/questionnaires/soep-core-2024-pe2/77109OZ_1718363628682_kal1a01_v2a_pe2_07.png,,Screenshot
soep-core,soep-core-2024-pe2,114a_8,,https://git.soep.de/soep-public/images/-/raw/main/questionnaires/soep-core-2024-pe2/77109OZ_1718363630173_kal1a01_v2a_pe2_08.png,,Screenshot
soep-core,soep-core-2024-pe2,114a_9,,https://git.soep.de/soep-public/images/-/raw/main/questionnaires/soep-core-2024-pe2/77109OZ_1718363631664_kal1a01_v2a_pe2_09.png,,Screenshot
soep-core,soep-core-2024-pe2,114a_10,,https://git.soep.de/soep-public/images/-/raw/main/questionnaires/soep-core-2024-pe2/77109OZ_1718363633169_kal1a01_v2a_pe2_10.png,,Screenshot
soep-core,soep-core-2024-pe2,114a_11,,https://git.soep.de/soep-public/images/-/raw/main/questionnaires/soep-core-2024-pe2/77109OZ_1718363634655_kal1a01_v2a_pe2_11.png,,Screenshot
soep-core,soep-core-2024-pe2,114a_12,,https://git.soep.de/soep-public/images/-/raw/main/questionnaires/soep-core-2024-pe2/77109OZ_1718363636151_kal1a01_v2a_pe2_12.png,,Screenshot
soep-core,soep-core-2024-pe2,114b,,https://git.soep.de/soep-public/images/-/raw/main/questionnaires/soep-core-2024-pe2/77109OZ_1718363637637_kal1a01_v2_pe2_CONb.png,,Screenshot
soep-core,soep-core-2024-pe2,114c,,https://git.soep.de/soep-public/images/-/raw/main/questionnaires/soep-core-2024-pe2/77109OZ_1718363639126_kal1a01_v2_pe2_CONc.png,,Screenshot
soep-core,soep-core-2024-pe2,114d,,https://git.soep.de/soep-public/images/-/raw/main/questionnaires/soep-core-2024-pe2/77109OZ_1718363640630_kal1a01_v2_pe2_CONd.png,,Screenshot
soep-core,soep-core-2024-pe2,114e,,https://git.soep.de/soep-public/images/-/raw/main/questionnaires/soep-core-2024-pe2/77109OZ_1718363642122_kal1a01_v2_pe2_CONe.png,,Screenshot
soep-core,soep-core-2024-pe2,B5,,https://git.soep.de/soep-public/images/-/raw/main/questionnaires/soep-core-2024-pe2/77109OZ_1718363643611_B5_pe2.png,,Screenshot
soep-core,soep-core-2024-pe2,115_Intro,,https://git.soep.de/soep-public/images/-/raw/main/questionnaires/soep-core-2024-pe2/77109OZ_1718363645099_txt_115_intro.png,,Screenshot
soep-core,soep-core-2024-pe2,115,,https://git.soep.de/soep-public/images/-/raw/main/questionnaires/soep-core-2024-pe2/77109OZ_1718363646574_plc0342_pe2.png,,Screenshot
soep-core,soep-core-2024-pe2,116,,https://git.soep.de/soep-public/images/-/raw/main/questionnaires/soep-core-2024-pe2/77109OZ_1718363648074_scr_plc0343_pe2.png,,Screenshot
soep-core,soep-core-2024-pe2,116_1,,https://git.soep.de/soep-public/images/-/raw/main/questionnaires/soep-core-2024-pe2/77109OZ_1718363649552_plc0344_pe2.png,,Screenshot
soep-core,soep-core-2024-pe2,116_2,,https://git.soep.de/soep-public/images/-/raw/main/questionnaires/soep-core-2024-pe2/77109OZ_1718363651039_plc0345_pe2.png,,Screenshot
soep-core,soep-core-2024-pe2,116_3,,https://git.soep.de/soep-public/images/-/raw/main/questionnaires/soep-core-2024-pe2/77109OZ_1718363652512_plc0573_pe2.png,,Screenshot
soep-core,soep-core-2024-pe2,116_4,,https://git.soep.de/soep-public/images/-/raw/main/questionnaires/soep-core-2024-pe2/77109OZ_1718363654007_plc0346_pe2.png,,Screenshot
soep-core,soep-core-2024-pe2,117,,https://git.soep.de/soep-public/images/-/raw/main/questionnaires/soep-core-2024-pe2/77109OZ_1718363655497_plf0066_pe2.png,,Screenshot
soep-core,soep-core-2024-pe2,118,,https://git.soep.de/soep-public/images/-/raw/main/questionnaires/soep-core-2024-pe2/77109OZ_1718363656990_scr_plc0411_pe2.png,,Screenshot
soep-core,soep-core-2024-pe2,118_1,,https://git.soep.de/soep-public/images/-/raw/main/questionnaires/soep-core-2024-pe2/77109OZ_1718363658478_plc0412_pe2.png,,Screenshot
soep-core,soep-core-2024-pe2,118_2,,https://git.soep.de/soep-public/images/-/raw/main/questionnaires/soep-core-2024-pe2/77109OZ_1718363659953_plc0413_pe2.png,,Screenshot
soep-core,soep-core-2024-pe2,118_3,,https://git.soep.de/soep-public/images/-/raw/main/questionnaires/soep-core-2024-pe2/77109OZ_1718363661443_plc0582_pe2.png,,Screenshot
soep-core,soep-core-2024-pe2,118_4,,https://git.soep.de/soep-public/images/-/raw/main/questionnaires/soep-core-2024-pe2/77109OZ_1718363662935_plc0414_pe2.png,,Screenshot
soep-core,soep-core-2024-pe2,119,,https://git.soep.de/soep-public/images/-/raw/main/questionnaires/soep-core-2024-pe2/77109OZ_1718363664424_plf0071_pe2.png,,Screenshot
soep-core,soep-core-2024-pe2,120,,https://git.soep.de/soep-public/images/-/raw/main/questionnaires/soep-core-2024-pe2/77109OZ_1718363665911_scr_plc0348_pe2.png,,Screenshot
soep-core,soep-core-2024-pe2,121,,https://git.soep.de/soep-public/images/-/raw/main/questionnaires/soep-core-2024-pe2/77109OZ_1718363667389_plc0349_pe2.png,,Screenshot
soep-core,soep-core-2024-pe2,122,,https://git.soep.de/soep-public/images/-/raw/main/questionnaires/soep-core-2024-pe2/77109OZ_1718363668874_plc0350_pe2.png,,Screenshot
soep-core,soep-core-2024-pe2,122_1,,https://git.soep.de/soep-public/images/-/raw/main/questionnaires/soep-core-2024-pe2/77109OZ_1718363670380_scr_plf0073_pe2.png,,Screenshot
soep-core,soep-core-2024-pe2,122_2,,https://git.soep.de/soep-public/images/-/raw/main/questionnaires/soep-core-2024-pe2/77109OZ_1718363671899_plf0074_pe2.png,,Screenshot
soep-core,soep-core-2024-pe2,122_3,,https://git.soep.de/soep-public/images/-/raw/main/questionnaires/soep-core-2024-pe2/77109OZ_1718363673388_plf0076_pe2.png,,Screenshot
soep-core,soep-core-2024-pe2,122_4,,https://git.soep.de/soep-public/images/-/raw/main/questionnaires/soep-core-2024-pe2/77109OZ_1718363674893_plf0078_pe2.png,,Screenshot
soep-core,soep-core-2024-pe2,122_5,,https://git.soep.de/soep-public/images/-/raw/main/questionnaires/soep-core-2024-pe2/77109OZ_1718363676379_plf0081_pe2.png,,Screenshot
soep-core,soep-core-2024-pe2,122_6,,https://git.soep.de/soep-public/images/-/raw/main/questionnaires/soep-core-2024-pe2/77109OZ_1718363677882_plf0084_pe2.png,,Screenshot
soep-core,soep-core-2024-pe2,122_7,,https://git.soep.de/soep-public/images/-/raw/main/questionnaires/soep-core-2024-pe2/77109OZ_1718363679372_plf0087_pe2.png,,Screenshot
soep-core,soep-core-2024-pe2,123,,https://git.soep.de/soep-public/images/-/raw/main/questionnaires/soep-core-2024-pe2/77109OZ_1718363680864_scr_plc0357_pe2.png,,Screenshot
soep-core,soep-core-2024-pe2,123_1,,https://git.soep.de/soep-public/images/-/raw/main/questionnaires/soep-core-2024-pe2/77109OZ_1718363682356_plc0358_pe2.png,,Screenshot
soep-core,soep-core-2024-pe2,123_2,,https://git.soep.de/soep-public/images/-/raw/main/questionnaires/soep-core-2024-pe2/77109OZ_1718363683847_plc0359_pe2.png,,Screenshot
soep-core,soep-core-2024-pe2,123_3,,https://git.soep.de/soep-public/images/-/raw/main/questionnaires/soep-core-2024-pe2/77109OZ_1718363685341_plc0575_pe2.png,,Screenshot
soep-core,soep-core-2024-pe2,123_4,,https://git.soep.de/soep-public/images/-/raw/main/questionnaires/soep-core-2024-pe2/77109OZ_1718363686831_plc0360_pe2.png,,Screenshot
soep-core,soep-core-2024-pe2,124,,https://git.soep.de/soep-public/images/-/raw/main/questionnaires/soep-core-2024-pe2/77109OZ_1718363688319_plf0090_pe2.png,,Screenshot
soep-core,soep-core-2024-pe2,125,,https://git.soep.de/soep-public/images/-/raw/main/questionnaires/soep-core-2024-pe2/77109OZ_1718363689808_scr_plc0362_pe2.png,,Screenshot
soep-core,soep-core-2024-pe2,126,,https://git.soep.de/soep-public/images/-/raw/main/questionnaires/soep-core-2024-pe2/77109OZ_1718363691297_plf0092_pe2.png,,Screenshot
soep-core,soep-core-2024-pe2,127,,https://git.soep.de/soep-public/images/-/raw/main/questionnaires/soep-core-2024-pe2/77109OZ_1718363692789_scr_plc0416_pe2.png,,Screenshot
soep-core,soep-core-2024-pe2,127_1,,https://git.soep.de/soep-public/images/-/raw/main/questionnaires/soep-core-2024-pe2/77109OZ_1718363694278_plc0417_pe2.png,,Screenshot
soep-core,soep-core-2024-pe2,127_2,,https://git.soep.de/soep-public/images/-/raw/main/questionnaires/soep-core-2024-pe2/77109OZ_1718363695763_plc0418_pe2.png,,Screenshot
soep-core,soep-core-2024-pe2,127_3,,https://git.soep.de/soep-public/images/-/raw/main/questionnaires/soep-core-2024-pe2/77109OZ_1718363697258_plc0576_pe2.png,,Screenshot
soep-core,soep-core-2024-pe2,127_4,,https://git.soep.de/soep-public/images/-/raw/main/questionnaires/soep-core-2024-pe2/77109OZ_1718363698750_plc0419_pe2.png,,Screenshot
soep-core,soep-core-2024-pe2,128,,https://git.soep.de/soep-public/images/-/raw/main/questionnaires/soep-core-2024-pe2/77109OZ_1718363700239_plc0315_pe2.png,,Screenshot
soep-core,soep-core-2024-pe2,129,,https://git.soep.de/soep-public/images/-/raw/main/questionnaires/soep-core-2024-pe2/77109OZ_1718363701726_scr_plc0316_pe2.png,,Screenshot
soep-core,soep-core-2024-pe2,129_1,,https://git.soep.de/soep-public/images/-/raw/main/questionnaires/soep-core-2024-pe2/77109OZ_1718363703219_plc0317_v2_pe2.png,,Screenshot
soep-core,soep-core-2024-pe2,129_2,,https://git.soep.de/soep-public/images/-/raw/main/questionnaires/soep-core-2024-pe2/77109OZ_1718363704708_plc0318_v2_pe2.png,,Screenshot
soep-core,soep-core-2024-pe2,129_3,,https://git.soep.de/soep-public/images/-/raw/main/questionnaires/soep-core-2024-pe2/77109OZ_1718363706181_plc0319_pe2.png,,Screenshot
soep-core,soep-core-2024-pe2,130,,https://git.soep.de/soep-public/images/-/raw/main/questionnaires/soep-core-2024-pe2/77109OZ_1718363707686_plc0615i01_pe2.png,,Screenshot
soep-core,soep-core-2024-pe2,130_1,,https://git.soep.de/soep-public/images/-/raw/main/questionnaires/soep-core-2024-pe2/77109OZ_1718363709181_scr_plc0616i01_pe2.png,,Screenshot
soep-core,soep-core-2024-pe2,131,,https://git.soep.de/soep-public/images/-/raw/main/questionnaires/soep-core-2024-pe2/77109OZ_1718363718161_plc0363_pe2.png,,Screenshot
soep-core,soep-core-2024-pe2,132,,https://git.soep.de/soep-public/images/-/raw/main/questionnaires/soep-core-2024-pe2/77109OZ_1718363719666_scr_plc0335_pe2.png,,Screenshot
soep-core,soep-core-2024-pe2,132_1,,https://git.soep.de/soep-public/images/-/raw/main/questionnaires/soep-core-2024-pe2/77109OZ_1718363721158_plc0336_pe2.png,,Screenshot
soep-core,soep-core-2024-pe2,132_2,,https://git.soep.de/soep-public/images/-/raw/main/questionnaires/soep-core-2024-pe2/77109OZ_1718363722643_plc0337_pe2.png,,Screenshot
soep-core,soep-core-2024-pe2,132_3,,https://git.soep.de/soep-public/images/-/raw/main/questionnaires/soep-core-2024-pe2/77109OZ_1718363724136_plc0578_pe2.png,,Screenshot
soep-core,soep-core-2024-pe2,132_4,,https://git.soep.de/soep-public/images/-/raw/main/questionnaires/soep-core-2024-pe2/77109OZ_1718363725615_plc0338_pe2.png,,Screenshot
soep-core,soep-core-2024-pe2,133,,https://git.soep.de/soep-public/images/-/raw/main/questionnaires/soep-core-2024-pe2/77109OZ_1718363727104_plc0572_pe2.png,,Screenshot
soep-core,soep-core-2024-pe2,134,,https://git.soep.de/soep-public/images/-/raw/main/questionnaires/soep-core-2024-pe2/77109OZ_1718363728587_plc0364_pe2.png,,Screenshot
soep-core,soep-core-2024-pe2,135,,https://git.soep.de/soep-public/images/-/raw/main/questionnaires/soep-core-2024-pe2/77109OZ_1718363730087_scr_plc0571i01_pe2.png,,Screenshot
soep-core,soep-core-2024-pe2,136,,https://git.soep.de/soep-public/images/-/raw/main/questionnaires/soep-core-2024-pe2/77109OZ_1718363731572_scr_plc0366_pe2.png,,Screenshot
soep-core,soep-core-2024-pe2,136_1,,https://git.soep.de/soep-public/images/-/raw/main/questionnaires/soep-core-2024-pe2/77109OZ_1718363733064_plc0367_pe2.png,,Screenshot
soep-core,soep-core-2024-pe2,136_2,,https://git.soep.de/soep-public/images/-/raw/main/questionnaires/soep-core-2024-pe2/77109OZ_1718363734560_plc0368_pe2.png,,Screenshot
soep-core,soep-core-2024-pe2,136_3,,https://git.soep.de/soep-public/images/-/raw/main/questionnaires/soep-core-2024-pe2/77109OZ_1718363736049_plc0574_pe2.png,,Screenshot
soep-core,soep-core-2024-pe2,136_4,,https://git.soep.de/soep-public/images/-/raw/main/questionnaires/soep-core-2024-pe2/77109OZ_1718363737555_plc0369_pe2.png,,Screenshot
soep-core,soep-core-2024-pe2,137,,https://git.soep.de/soep-public/images/-/raw/main/questionnaires/soep-core-2024-pe2/77109OZ_1718363739043_plc0552_pe2.png,,Screenshot
soep-core,soep-core-2024-pe2,138,,https://git.soep.de/soep-public/images/-/raw/main/questionnaires/soep-core-2024-pe2/77109OZ_1718363740550_scr_plc0553_pe2.png,,Screenshot
soep-core,soep-core-2024-pe2,138_1,,https://git.soep.de/soep-public/images/-/raw/main/questionnaires/soep-core-2024-pe2/77109OZ_1718363742044_plc0554_pe2.png,,Screenshot
soep-core,soep-core-2024-pe2,138_2,,https://git.soep.de/soep-public/images/-/raw/main/questionnaires/soep-core-2024-pe2/77109OZ_1718363743519_plc0555_pe2.png,,Screenshot
soep-core,soep-core-2024-pe2,138_3,,https://git.soep.de/soep-public/images/-/raw/main/questionnaires/soep-core-2024-pe2/77109OZ_1718363745005_plc0577_v2_pe2.png,,Screenshot
soep-core,soep-core-2024-pe2,138_4,,https://git.soep.de/soep-public/images/-/raw/main/questionnaires/soep-core-2024-pe2/77109OZ_1718363746485_plc0556_pe2.png,,Screenshot
soep-core,soep-core-2024-pe2,139,,https://git.soep.de/soep-public/images/-/raw/main/questionnaires/soep-core-2024-pe2/77109OZ_1718363747971_plc0370_pe2.png,,Screenshot
soep-core,soep-core-2024-pe2,140,,https://git.soep.de/soep-public/images/-/raw/main/questionnaires/soep-core-2024-pe2/77109OZ_1718363749462_scr_plc0371_pe2.png,,Screenshot
soep-core,soep-core-2024-pe2,140_1,,https://git.soep.de/soep-public/images/-/raw/main/questionnaires/soep-core-2024-pe2/77109OZ_1718363750953_plc0372_pe2.png,,Screenshot
soep-core,soep-core-2024-pe2,140_2,,https://git.soep.de/soep-public/images/-/raw/main/questionnaires/soep-core-2024-pe2/77109OZ_1718363752442_plc0373_pe2.png,,Screenshot
soep-core,soep-core-2024-pe2,140_3,,https://git.soep.de/soep-public/images/-/raw/main/questionnaires/soep-core-2024-pe2/77109OZ_1718363753934_plc0580_pe2.png,,Screenshot
soep-core,soep-core-2024-pe2,140_4,,https://git.soep.de/soep-public/images/-/raw/main/questionnaires/soep-core-2024-pe2/77109OZ_1718363755423_plc0374_pe2.png,,Screenshot
soep-core,soep-core-2024-pe2,141,,https://git.soep.de/soep-public/images/-/raw/main/questionnaires/soep-core-2024-pe2/77109OZ_1718363756924_plc0562_pe2.png,,Screenshot
soep-core,soep-core-2024-pe2,142,,https://git.soep.de/soep-public/images/-/raw/main/questionnaires/soep-core-2024-pe2/77109OZ_1718363758415_scr_plc0563_pe2.png,,Screenshot
soep-core,soep-core-2024-pe2,142_1,,https://git.soep.de/soep-public/images/-/raw/main/questionnaires/soep-core-2024-pe2/77109OZ_1718363759904_plc0564_pe2.png,,Screenshot
soep-core,soep-core-2024-pe2,142_2,,https://git.soep.de/soep-public/images/-/raw/main/questionnaires/soep-core-2024-pe2/77109OZ_1718363761398_plc0565_pe2.png,,Screenshot
soep-core,soep-core-2024-pe2,142_3,,https://git.soep.de/soep-public/images/-/raw/main/questionnaires/soep-core-2024-pe2/77109OZ_1718363762887_plc0566_pe2.png,,Screenshot
soep-core,soep-core-2024-pe2,143,,https://git.soep.de/soep-public/images/-/raw/main/questionnaires/soep-core-2024-pe2/77109OZ_1718363764366_plc0421_pe2.png,,Screenshot
soep-core,soep-core-2024-pe2,144,,https://git.soep.de/soep-public/images/-/raw/main/questionnaires/soep-core-2024-pe2/77109OZ_1718363765868_scr_plc0422_pe2.png,,Screenshot
soep-core,soep-core-2024-pe2,144_1,,https://git.soep.de/soep-public/images/-/raw/main/questionnaires/soep-core-2024-pe2/77109OZ_1718363767354_plc0423_pe2.png,,Screenshot
soep-core,soep-core-2024-pe2,144_2,,https://git.soep.de/soep-public/images/-/raw/main/questionnaires/soep-core-2024-pe2/77109OZ_1718363768845_plc0424_pe2.png,,Screenshot
soep-core,soep-core-2024-pe2,144_3,,https://git.soep.de/soep-public/images/-/raw/main/questionnaires/soep-core-2024-pe2/77109OZ_1718363770337_plc0579_pe2.png,,Screenshot
soep-core,soep-core-2024-pe2,144_4,,https://git.soep.de/soep-public/images/-/raw/main/questionnaires/soep-core-2024-pe2/77109OZ_1718363771828_plc0425_pe2.png,,Screenshot
soep-core,soep-core-2024-pe2,145,,https://git.soep.de/soep-public/images/-/raw/main/questionnaires/soep-core-2024-pe2/77109OZ_1718363773319_plc0375_v1_pe2.png,,Screenshot
soep-core,soep-core-2024-pe2,146_1,,https://git.soep.de/soep-public/images/-/raw/main/questionnaires/soep-core-2024-pe2/77109OZ_1718363774809_scr_plc0376_v1_pe2.png,,Screenshot
soep-core,soep-core-2024-pe2,147_1,,https://git.soep.de/soep-public/images/-/raw/main/questionnaires/soep-core-2024-pe2/77109OZ_1718363776292_plc0377_v1_pe2.png,,Screenshot
soep-core,soep-core-2024-pe2,148_1,,https://git.soep.de/soep-public/images/-/raw/main/questionnaires/soep-core-2024-pe2/77109OZ_1718363777814_plc0378_v1_pe2.png,,Screenshot
soep-core,soep-core-2024-pe2,149_1,,https://git.soep.de/soep-public/images/-/raw/main/questionnaires/soep-core-2024-pe2/77109OZ_1718363779302_scr_plc0383_v3_pe2.png,,Screenshot
soep-core,soep-core-2024-pe2,146_2,,https://git.soep.de/soep-public/images/-/raw/main/questionnaires/soep-core-2024-pe2/77109OZ_1718363780794_scr_plc0386_v1_pe2.png,,Screenshot
soep-core,soep-core-2024-pe2,147_2,,https://git.soep.de/soep-public/images/-/raw/main/questionnaires/soep-core-2024-pe2/77109OZ_1718363782297_plc0387_v1_pe2.png,,Screenshot
soep-core,soep-core-2024-pe2,148_2,,https://git.soep.de/soep-public/images/-/raw/main/questionnaires/soep-core-2024-pe2/77109OZ_1718363783807_plc0388_v1_pe2.png,,Screenshot
soep-core,soep-core-2024-pe2,149_2,,https://git.soep.de/soep-public/images/-/raw/main/questionnaires/soep-core-2024-pe2/77109OZ_1718363785305_scr_plc0393_v3_pe2.png,,Screenshot
soep-core,soep-core-2024-pe2,146_3,,https://git.soep.de/soep-public/images/-/raw/main/questionnaires/soep-core-2024-pe2/77109OZ_1718363786812_scr_plc0396_v1_pe2.png,,Screenshot
soep-core,soep-core-2024-pe2,147_3,,https://git.soep.de/soep-public/images/-/raw/main/questionnaires/soep-core-2024-pe2/77109OZ_1718363788318_plc0397_v1_pe2.png,,Screenshot
soep-core,soep-core-2024-pe2,148_3,,https://git.soep.de/soep-public/images/-/raw/main/questionnaires/soep-core-2024-pe2/77109OZ_1718363789811_plc0398_v1_pe2.png,,Screenshot
soep-core,soep-core-2024-pe2,149_3,,https://git.soep.de/soep-public/images/-/raw/main/questionnaires/soep-core-2024-pe2/77109OZ_1718363791302_scr_plc0403_v3_pe2.png,,Screenshot
soep-core,soep-core-2024-pe2,150,,https://git.soep.de/soep-public/images/-/raw/main/questionnaires/soep-core-2024-pe2/77109OZ_1718363792797_plc0570i01_pe2.png,,Screenshot
soep-core,soep-core-2024-pe2,151,,https://git.soep.de/soep-public/images/-/raw/main/questionnaires/soep-core-2024-pe2/77109OZ_1718363804756_plh0129_pe2.png,,Screenshot
soep-core,soep-core-2024-pe2,152,,https://git.soep.de/soep-public/images/-/raw/main/questionnaires/soep-core-2024-pe2/77109OZ_1718363806244_scr_plh0130_pe2.png,,Screenshot
soep-core,soep-core-2024-pe2,153,,https://git.soep.de/soep-public/images/-/raw/main/questionnaires/soep-core-2024-pe2/77109OZ_1718363807755_scr_plc0618i01_pe2.png,,Screenshot
soep-core,soep-core-2024-pe2,B6,,https://git.soep.de/soep-public/images/-/raw/main/questionnaires/soep-core-2024-pe2/77109OZ_1718363809227_B6_pe2.png,,Screenshot
soep-core,soep-core-2024-pe2,154,,https://git.soep.de/soep-public/images/-/raw/main/questionnaires/soep-core-2024-pe2/77109OZ_1718363810719_ple0008_pe2.png,,Screenshot
soep-core,soep-core-2024-pe2,155,,https://git.soep.de/soep-public/images/-/raw/main/questionnaires/soep-core-2024-pe2/77109OZ_1718363812205_ple0004_pe2.png,,Screenshot
soep-core,soep-core-2024-pe2,156,,https://git.soep.de/soep-public/images/-/raw/main/questionnaires/soep-core-2024-pe2/77109OZ_1718363813702_ple0005_pe2.png,,Screenshot
soep-core,soep-core-2024-pe2,157,,https://git.soep.de/soep-public/images/-/raw/main/questionnaires/soep-core-2024-pe2/77109OZ_1718363815190_ple0026_pe2.png,,Screenshot
soep-core,soep-core-2024-pe2,158,,https://git.soep.de/soep-public/images/-/raw/main/questionnaires/soep-core-2024-pe2/77109OZ_1718363830088_ple0040_pe2.png,,Screenshot
soep-core,soep-core-2024-pe2,159,,https://git.soep.de/soep-public/images/-/raw/main/questionnaires/soep-core-2024-pe2/77109OZ_1718363831568_scr_ple0041_pe2.png,,Screenshot
soep-core,soep-core-2024-pe2,160,,https://git.soep.de/soep-public/images/-/raw/main/questionnaires/soep-core-2024-pe2/77109OZ_1718363833060_scr_ple0037_pe2.png,,Screenshot
soep-core,soep-core-2024-pe2,161,,https://git.soep.de/soep-public/images/-/raw/main/questionnaires/soep-core-2024-pe2/77109OZ_1718363834548_ple0192i01_pe2.png,,Screenshot
soep-core,soep-core-2024-pe2,162,,https://git.soep.de/soep-public/images/-/raw/main/questionnaires/soep-core-2024-pe2/77109OZ_1718363836038_ple0081_v2_pe2.png,,Screenshot
soep-core,soep-core-2024-pe2,163,,https://git.soep.de/soep-public/images/-/raw/main/questionnaires/soep-core-2024-pe2/77109OZ_1718363837530_scr_ple0086_v4_pe2.png,,Screenshot
soep-core,soep-core-2024-pe2,164,,https://git.soep.de/soep-public/images/-/raw/main/questionnaires/soep-core-2024-pe2/77109OZ_1718363839016_ple0176_pe2.png,,Screenshot
soep-core,soep-core-2024-pe2,165,,https://git.soep.de/soep-public/images/-/raw/main/questionnaires/soep-core-2024-pe2/77109OZ_1718363840503_ple0196i01_pe2.png,,Screenshot
soep-core,soep-core-2024-pe2,166,,https://git.soep.de/soep-public/images/-/raw/main/questionnaires/soep-core-2024-pe2/77109OZ_1718363841992_ple0177_pe2.png,,Screenshot
soep-core,soep-core-2024-pe2,167,,https://git.soep.de/soep-public/images/-/raw/main/questionnaires/soep-core-2024-pe2/77109OZ_1718363843482_ple0178_pe2.png,,Screenshot
soep-core,soep-core-2024-pe2,168,,https://git.soep.de/soep-public/images/-/raw/main/questionnaires/soep-core-2024-pe2/77109OZ_1718363844972_scr_ple0006_pe2.png,,Screenshot
soep-core,soep-core-2024-pe2,169,,https://git.soep.de/soep-public/images/-/raw/main/questionnaires/soep-core-2024-pe2/77109OZ_1718363846476_scr_ple0007_pe2.png,,Screenshot
soep-core,soep-core-2024-pe2,170,,https://git.soep.de/soep-public/images/-/raw/main/questionnaires/soep-core-2024-pe2/77109OZ_1718363847973_ple0036_pe2.png,,Screenshot
soep-core,soep-core-2024-pe2,171,,https://git.soep.de/soep-public/images/-/raw/main/questionnaires/soep-core-2024-pe2/77109OZ_1718363849462_scr_ple0072_pe2.png,,Screenshot
soep-core,soep-core-2024-pe2,172,,https://git.soep.de/soep-public/images/-/raw/main/questionnaires/soep-core-2024-pe2/77109OZ_1718363850953_ple0053_pe2.png,,Screenshot
soep-core,soep-core-2024-pe2,173,,https://git.soep.de/soep-public/images/-/raw/main/questionnaires/soep-core-2024-pe2/77109OZ_1718363852442_scr_ple0056_pe2.png,,Screenshot
soep-core,soep-core-2024-pe2,174,,https://git.soep.de/soep-public/images/-/raw/main/questionnaires/soep-core-2024-pe2/77109OZ_1718363853936_scr_ple0055_pe2.png,,Screenshot
soep-core,soep-core-2024-pe2,175,,https://git.soep.de/soep-public/images/-/raw/main/questionnaires/soep-core-2024-pe2/77109OZ_1718363855424_ple0183_pe2.png,,Screenshot
soep-core,soep-core-2024-pe2,176,,https://git.soep.de/soep-public/images/-/raw/main/questionnaires/soep-core-2024-pe2/77109OZ_1718363856929_scr_ple0184_pe2.png,,Screenshot
soep-core,soep-core-2024-pe2,177,,https://git.soep.de/soep-public/images/-/raw/main/questionnaires/soep-core-2024-pe2/77109OZ_1718363858423_ple0160_v2_pe2.png,,Screenshot
soep-core,soep-core-2024-pe2,178,,https://git.soep.de/soep-public/images/-/raw/main/questionnaires/soep-core-2024-pe2/77109OZ_1718363859913_ple0097_v2_pe2.png,,Screenshot
soep-core,soep-core-2024-pe2,179,,https://git.soep.de/soep-public/images/-/raw/main/questionnaires/soep-core-2024-pe2/77109OZ_1718363861402_ple0104_v11_pe2.png,,Screenshot
soep-core,soep-core-2024-pe2,180,,https://git.soep.de/soep-public/images/-/raw/main/questionnaires/soep-core-2024-pe2/77109OZ_1718363862896_ple0099_v5_pe2.png,,Screenshot
soep-core,soep-core-2024-pe2,181,,https://git.soep.de/soep-public/images/-/raw/main/questionnaires/soep-core-2024-pe2/77109OZ_1718363864385_ple0098_v5_pe2.png,,Screenshot
soep-core,soep-core-2024-pe2,182,,https://git.soep.de/soep-public/images/-/raw/main/questionnaires/soep-core-2024-pe2/77109OZ_1718363865874_scr_ple0128_v2_pe2.png,,Screenshot
soep-core,soep-core-2024-pe2,183,,https://git.soep.de/soep-public/images/-/raw/main/questionnaires/soep-core-2024-pe2/77109OZ_1718363867380_ple0130_pe2.png,,Screenshot
soep-core,soep-core-2024-pe2,184,,https://git.soep.de/soep-public/images/-/raw/main/questionnaires/soep-core-2024-pe2/77109OZ_1718363868872_ple0102_pe2.png,,Screenshot
soep-core,soep-core-2024-pe2,185,,https://git.soep.de/soep-public/images/-/raw/main/questionnaires/soep-core-2024-pe2/77109OZ_1718363870356_scr_ple0136_v2_pe2.png,,Screenshot
soep-core,soep-core-2024-pe2,186,,https://git.soep.de/soep-public/images/-/raw/main/questionnaires/soep-core-2024-pe2/77109OZ_1718363871861_scr_ple0138_v2_pe2.png,,Screenshot
soep-core,soep-core-2024-pe2,187,,https://git.soep.de/soep-public/images/-/raw/main/questionnaires/soep-core-2024-pe2/77109OZ_1718363873351_ple0140_pe2.png,,Screenshot
soep-core,soep-core-2024-pe2,188,,https://git.soep.de/soep-public/images/-/raw/main/questionnaires/soep-core-2024-pe2/77109OZ_1718363874845_scr_ple0141_pe2.png,,Screenshot
soep-core,soep-core-2024-pe2,189,,https://git.soep.de/soep-public/images/-/raw/main/questionnaires/soep-core-2024-pe2/77109OZ_1718363876334_plj0735_pe2.png,,Screenshot
soep-core,soep-core-2024-pe2,190,,https://git.soep.de/soep-public/images/-/raw/main/questionnaires/soep-core-2024-pe2/77109OZ_1718363877809_plh0411i07_pe2.png,,Screenshot
soep-core,soep-core-2024-pe2,191,,https://git.soep.de/soep-public/images/-/raw/main/questionnaires/soep-core-2024-pe2/77109OZ_1718363879301_ple0220i01_pe2.png,,Screenshot
soep-core,soep-core-2024-pe2,B7,,https://git.soep.de/soep-public/images/-/raw/main/questionnaires/soep-core-2024-pe2/77109OZ_1718363897204_B7_pe2.png,,Screenshot
soep-core,soep-core-2024-pe2,192,,https://git.soep.de/soep-public/images/-/raw/main/questionnaires/soep-core-2024-pe2/77109OZ_1718363898710_plh0007_pe2.png,,Screenshot
soep-core,soep-core-2024-pe2,193,,https://git.soep.de/soep-public/images/-/raw/main/questionnaires/soep-core-2024-pe2/77109OZ_1718363900201_plh0011_v3_pe2.png,,Screenshot
soep-core,soep-core-2024-pe2,194,,https://git.soep.de/soep-public/images/-/raw/main/questionnaires/soep-core-2024-pe2/77109OZ_1718363901692_plh0012_v8_pe2.png,,Screenshot
soep-core,soep-core-2024-pe2,195,,https://git.soep.de/soep-public/images/-/raw/main/questionnaires/soep-core-2024-pe2/77109OZ_1718363903200_plh0013_v2_pe2.png,,Screenshot
soep-core,soep-core-2024-pe2,196,,https://git.soep.de/soep-public/images/-/raw/main/questionnaires/soep-core-2024-pe2/77109OZ_1718363904688_plh0004_pe2.png,,Screenshot
soep-core,soep-core-2024-pe2,197,,https://git.soep.de/soep-public/images/-/raw/main/questionnaires/soep-core-2024-pe2/77109OZ_1718363906179_plh0397i01_pe2.png,,Screenshot
soep-core,soep-core-2024-pe2,198,,https://git.soep.de/soep-public/images/-/raw/main/questionnaires/soep-core-2024-pe2/77109OZ_1718363913613_plh0032_pe2.png,,Screenshot
soep-core,soep-core-2024-pe2,199,,https://git.soep.de/soep-public/images/-/raw/main/questionnaires/soep-core-2024-pe2/77109OZ_1718363931518_plh0244_pe2.png,,Screenshot
soep-core,soep-core-2024-pe2,200,,https://git.soep.de/soep-public/images/-/raw/main/questionnaires/soep-core-2024-pe2/77109OZ_1718363933011_plh0197_pe2.png,,Screenshot
soep-core,soep-core-2024-pe2,B8,,https://git.soep.de/soep-public/images/-/raw/main/questionnaires/soep-core-2024-pe2/77109OZ_1718363941970_B8_pe2.png,,Screenshot
soep-core,soep-core-2024-pe2,201_1,,https://git.soep.de/soep-public/images/-/raw/main/questionnaires/soep-core-2024-pe2/77109OZ_1718363943458_plj0752_pe2.png,,Screenshot
soep-core,soep-core-2024-pe2,201,,https://git.soep.de/soep-public/images/-/raw/main/questionnaires/soep-core-2024-pe2/77109OZ_1718363944949_plj0014_v3_pe2.png,,Screenshot
soep-core,soep-core-2024-pe2,202,,https://git.soep.de/soep-public/images/-/raw/main/questionnaires/soep-core-2024-pe2/77109OZ_1718363946443_plj0022_pe2.png,,Screenshot
soep-core,soep-core-2024-pe2,203,,https://git.soep.de/soep-public/images/-/raw/main/questionnaires/soep-core-2024-pe2/77109OZ_1718363947963_scr_plj0023_v3_pe2.png,,Screenshot
soep-core,soep-core-2024-pe2,203_1,,https://git.soep.de/soep-public/images/-/raw/main/questionnaires/soep-core-2024-pe2/77109OZ_1718363949455_plj0741i01_pe2.png,,Screenshot
soep-core,soep-core-2024-pe2,204,,https://git.soep.de/soep-public/images/-/raw/main/questionnaires/soep-core-2024-pe2/77109OZ_1718363952453_plj0024_v1_pe2.png,,Screenshot
soep-core,soep-core-2024-pe2,205,,https://git.soep.de/soep-public/images/-/raw/main/questionnaires/soep-core-2024-pe2/77109OZ_1718363953944_plj0175_pe2.png,,Screenshot
soep-core,soep-core-2024-pe2,206,,https://git.soep.de/soep-public/images/-/raw/main/questionnaires/soep-core-2024-pe2/77109OZ_1718363955448_scr_plj0014_v5_pe2.png,,Screenshot
soep-core,soep-core-2024-pe2,206_1,,https://git.soep.de/soep-public/images/-/raw/main/questionnaires/soep-core-2024-pe2/77109OZ_1718363956982_scr_plj0743i0x_pe2.png,,Screenshot
soep-core,soep-core-2024-pe2,207,,https://git.soep.de/soep-public/images/-/raw/main/questionnaires/soep-core-2024-pe2/77109OZ_1718363958468_plj0722_pe2.png,,Screenshot
soep-core,soep-core-2024-pe2,208,,https://git.soep.de/soep-public/images/-/raw/main/questionnaires/soep-core-2024-pe2/77109OZ_1718363959958_plj0751_pe2.png,,Screenshot
soep-core,soep-core-2024-pe2,209,,https://git.soep.de/soep-public/images/-/raw/main/questionnaires/soep-core-2024-pe2/77109OZ_1718363961453_scr_plj0725_pe2.png,,Screenshot
soep-core,soep-core-2024-pe2,210,,https://git.soep.de/soep-public/images/-/raw/main/questionnaires/soep-core-2024-pe2/77109OZ_1718363962961_plj0322_pe2.png,,Screenshot
soep-core,soep-core-2024-pe2,211,,https://git.soep.de/soep-public/images/-/raw/main/questionnaires/soep-core-2024-pe2/77109OZ_1718363964447_plj0323_pe2.png,,Screenshot
soep-core,soep-core-2024-pe2,212,,https://git.soep.de/soep-public/images/-/raw/main/questionnaires/soep-core-2024-pe2/77109OZ_1718363965942_plj0080_v2_pe2.png,,Screenshot
soep-core,soep-core-2024-pe2,213,,https://git.soep.de/soep-public/images/-/raw/main/questionnaires/soep-core-2024-pe2/77109OZ_1718363967434_plj0226_v2_pe2.png,,Screenshot
soep-core,soep-core-2024-pe2,214,,https://git.soep.de/soep-public/images/-/raw/main/questionnaires/soep-core-2024-pe2/77109OZ_1718363968924_plm0579_v2_pe2.png,,Screenshot
soep-core,soep-core-2024-pe2,215,,https://git.soep.de/soep-public/images/-/raw/main/questionnaires/soep-core-2024-pe2/77109OZ_1718363970417_plj0074_pe2.png,,Screenshot
soep-core,soep-core-2024-pe2,216,,https://git.soep.de/soep-public/images/-/raw/main/questionnaires/soep-core-2024-pe2/77109OZ_1718363974887_plj0324_pe2.png,,Screenshot
soep-core,soep-core-2024-pe2,217,,https://git.soep.de/soep-public/images/-/raw/main/questionnaires/soep-core-2024-pe2/77109OZ_1718363979355_plj0071_pe2.png,,Screenshot
soep-core,soep-core-2024-pe2,218_1,,https://git.soep.de/soep-public/images/-/raw/main/questionnaires/soep-core-2024-pe2/77109OZ_1718363983816_plj0698_pe2.png,,Screenshot
soep-core,soep-core-2024-pe2,218_2,,https://git.soep.de/soep-public/images/-/raw/main/questionnaires/soep-core-2024-pe2/77109OZ_1718363985306_plj0699_pe2.png,,Screenshot
soep-core,soep-core-2024-pe2,218_3,,https://git.soep.de/soep-public/images/-/raw/main/questionnaires/soep-core-2024-pe2/77109OZ_1718363986791_plj0700_pe2.png,,Screenshot
soep-core,soep-core-2024-pe2,219,,https://git.soep.de/soep-public/images/-/raw/main/questionnaires/soep-core-2024-pe2/77109OZ_1718363988282_plj0043_pe2.png,,Screenshot
soep-core,soep-core-2024-pe2,220,,https://git.soep.de/soep-public/images/-/raw/main/questionnaires/soep-core-2024-pe2/77109OZ_1718363989761_plj0044_pe2.png,,Screenshot
soep-core,soep-core-2024-pe2,221,,https://git.soep.de/soep-public/images/-/raw/main/questionnaires/soep-core-2024-pe2/77109OZ_1718363991251_plj0104_pe2.png,,Screenshot
soep-core,soep-core-2024-pe2,222,,https://git.soep.de/soep-public/images/-/raw/main/questionnaires/soep-core-2024-pe2/77109OZ_1718363992746_plj0089_pe2.png,,Screenshot
soep-core,soep-core-2024-pe2,223,,https://git.soep.de/soep-public/images/-/raw/main/questionnaires/soep-core-2024-pe2/77109OZ_1718363994235_plj0090_pe2.png,,Screenshot
soep-core,soep-core-2024-pe2,224,,https://git.soep.de/soep-public/images/-/raw/main/questionnaires/soep-core-2024-pe2/77109OZ_1718363995725_scr_plj0091_v2_pe2.png,,Screenshot
soep-core,soep-core-2024-pe2,225,,https://git.soep.de/soep-public/images/-/raw/main/questionnaires/soep-core-2024-pe2/77109OZ_1718363997216_plj0092_pe2.png,,Screenshot
soep-core,soep-core-2024-pe2,B9,,https://git.soep.de/soep-public/images/-/raw/main/questionnaires/soep-core-2024-pe2/77109OZ_1718363998707_B9_pe2.png,,Screenshot
soep-core,soep-core-2024-pe2,226,,https://git.soep.de/soep-public/images/-/raw/main/questionnaires/soep-core-2024-pe2/77109OZ_1718364000199_scr_pld0047_pe2.png,,Screenshot
soep-core,soep-core-2024-pe2,227,,https://git.soep.de/soep-public/images/-/raw/main/questionnaires/soep-core-2024-pe2/77109OZ_1718364001688_pld0131_v3_pe2.png,,Screenshot
soep-core,soep-core-2024-pe2,228,,https://git.soep.de/soep-public/images/-/raw/main/questionnaires/soep-core-2024-pe2/77109OZ_1718364003179_pld0299_pe2.png,,Screenshot
soep-core,soep-core-2024-pe2,229,,https://git.soep.de/soep-public/images/-/raw/main/questionnaires/soep-core-2024-pe2/77109OZ_1718364004668_plc0619_pe2.png,,Screenshot
soep-core,soep-core-2024-pe2,230,,https://git.soep.de/soep-public/images/-/raw/main/questionnaires/soep-core-2024-pe2/77109OZ_1718364006175_pld0300_pe2.png,,Screenshot
soep-core,soep-core-2024-pe2,231,,https://git.soep.de/soep-public/images/-/raw/main/questionnaires/soep-core-2024-pe2/77109OZ_1718364007663_plj0627_v2_pe2.png,,Screenshot
soep-core,soep-core-2024-pe2,232,,https://git.soep.de/soep-public/images/-/raw/main/questionnaires/soep-core-2024-pe2/77109OZ_1718364009156_plj0628_v2_pe2.png,,Screenshot
soep-core,soep-core-2024-pe2,233,,https://git.soep.de/soep-public/images/-/raw/main/questionnaires/soep-core-2024-pe2/77109OZ_1718364010641_scr_pelnam_pe2.png,,Screenshot
soep-core,soep-core-2024-pe2,234,,https://git.soep.de/soep-public/images/-/raw/main/questionnaires/soep-core-2024-pe2/77109OZ_1718364012131_pld0132_v1_pe2.png,,Screenshot
soep-core,soep-core-2024-pe2,235,,https://git.soep.de/soep-public/images/-/raw/main/questionnaires/soep-core-2024-pe2/77109OZ_1718364013622_pld0133_pe2.png,,Screenshot
soep-core,soep-core-2024-pe2,236,,https://git.soep.de/soep-public/images/-/raw/main/questionnaires/soep-core-2024-pe2/77109OZ_1718364015117_pld0304_pe2.png,,Screenshot
soep-core,soep-core-2024-pe2,237,,https://git.soep.de/soep-public/images/-/raw/main/questionnaires/soep-core-2024-pe2/77109OZ_1718364016605_plj0631_v2_pe2.png,,Screenshot
soep-core,soep-core-2024-pe2,238,,https://git.soep.de/soep-public/images/-/raw/main/questionnaires/soep-core-2024-pe2/77109OZ_1718364018096_scr_pfpnam_pe2.png,,Screenshot
soep-core,soep-core-2024-pe2,239,,https://git.soep.de/soep-public/images/-/raw/main/questionnaires/soep-core-2024-pe2/77109OZ_1718364019601_plc0010_pe2.png,,Screenshot
soep-core,soep-core-2024-pe2,240,,https://git.soep.de/soep-public/images/-/raw/main/questionnaires/soep-core-2024-pe2/77109OZ_1718364021089_plc0011_pe2.png,,Screenshot
soep-core,soep-core-2024-pe2,241,,https://git.soep.de/soep-public/images/-/raw/main/questionnaires/soep-core-2024-pe2/77109OZ_1718364022585_pld0298_v4_pe2.png,,Screenshot
soep-core,soep-core-2024-pe2,242,,https://git.soep.de/soep-public/images/-/raw/main/questionnaires/soep-core-2024-pe2/77109OZ_1718364024074_scr_pld0301i01_pe2.png,,Screenshot
soep-core,soep-core-2024-pe2,243,,https://git.soep.de/soep-public/images/-/raw/main/questionnaires/soep-core-2024-pe2/77109OZ_1718364025568_pld0302_pe2.png,,Screenshot
soep-core,soep-core-2024-pe2,244,,https://git.soep.de/soep-public/images/-/raw/main/questionnaires/soep-core-2024-pe2/77109OZ_1718364027072_plj0131_pe2.png,,Screenshot
soep-core,soep-core-2024-pe2,245,,https://git.soep.de/soep-public/images/-/raw/main/questionnaires/soep-core-2024-pe2/77109OZ_1718364031639_scr_pld0038_pe2.png,,Screenshot
soep-core,soep-core-2024-pe2,246,,https://git.soep.de/soep-public/images/-/raw/main/questionnaires/soep-core-2024-pe2/77109OZ_1718364033138_plh0182_pe2.png,,Screenshot
soep-core,soep-core-2024-pe2,247,,https://git.soep.de/soep-public/images/-/raw/main/questionnaires/soep-core-2024-pe2/77109OZ_1718364034635_reclink_pe2.png,,Screenshot
soep-core,soep-core-2024-pe2,248_1,,https://git.soep.de/soep-public/images/-/raw/main/questionnaires/soep-core-2024-pe2/77109OZ_1718364036121_txt_218n_a_pe2.png,,Screenshot
soep-core,soep-core-2024-pe2,248_2,,https://git.soep.de/soep-public/images/-/raw/main/questionnaires/soep-core-2024-pe2/77109OZ_1718364037600_txt_218n_b_pe2.png,,Screenshot
soep-core,soep-core-2024-pe2,248_3,,https://git.soep.de/soep-public/images/-/raw/main/questionnaires/soep-core-2024-pe2/77109OZ_1718364039089_lrente_CAPI_pe2.png,,Screenshot
soep-core,soep-core-2024-pe2,248_4,,https://git.soep.de/soep-public/images/-/raw/main/questionnaires/soep-core-2024-pe2/77109OZ_1718364040586_reclink_rv_pe2.png,,Screenshot
soep-core,soep-core-2024-pe2,248_5,,https://git.soep.de/soep-public/images/-/raw/main/questionnaires/soep-core-2024-pe2/77109OZ_1718364042074_txt_237n_e_pe2.png,,Screenshot
soep-core,soep-core-2024-pe2,248_6,,https://git.soep.de/soep-public/images/-/raw/main/questionnaires/soep-core-2024-pe2/77109OZ_1718364043564_reclink_rv1_pe2.png,,Screenshot
soep-core,soep-core-2024-pe2,248_7,,https://git.soep.de/soep-public/images/-/raw/main/questionnaires/soep-core-2024-pe2/77109OZ_1718364045049_txt_237n_g_pe2.png,,Screenshot
soep-core,soep-core-2024-pe2,249_1,,https://git.soep.de/soep-public/images/-/raw/main/questionnaires/soep-core-2024-pe2/77109OZ_1718364046543_pvirtu_pe2.png,,Screenshot
soep-core,soep-core-2024-pe2,249_2,,https://git.soep.de/soep-public/images/-/raw/main/questionnaires/soep-core-2024-pe2/77109OZ_1718364048031_pvirtuvor_pe2.png,,Screenshot
soep-core,soep-core-2024-pe2,249_3,,https://git.soep.de/soep-public/images/-/raw/main/questionnaires/soep-core-2024-pe2/77109OZ_1718364049517_pnovirtu_pe2.png,,Screenshot
